{
    "rubberduck.jpg": [
        {
            "R": [
                0.7435246706008911,
                -0.07677188515663147,
                -0.6642870306968689,
                0.04725520685315132,
                -0.9848724603652954,
                0.16671395301818848,
                -0.6670368313789368,
                -0.15534695982933044,
                -0.7286491394042969
            ],
            "id": "rubberduck_duck_5.11.22_17:43:37",
            "obj": "duck.obj",
            "t": [
                -1.4207334518432617,
                1.746445655822754,
                10.670500755310059
            ]
        }
    ]
}
